{
  "openapi": "3.0.0",
  "info": {
    "description": "Social Street Smart's Clickbait API endpoint",
    "version": "1.0.0",
    "title": "Social Street Smart - Clickbait",
    "contact": {
      "email": "us241077@gmail.com"
    },
    "license": {
      "name": "GNU General Public License",
      "url": "http://www.gnu.org/licenses/"
    }
  },"servers": [
    {
      "url": "/"
    }
  ],
  "tags": [
    {
      "name": "Click-Bait API",
      "description": "Example API for getting the clickbait score of a text piece"
    }
  ],

  "paths": {
    "/pred": {
      "post": {
        "tags": [
          "Click-Bait Score"
        ],
        "summary": "Enter the headline and get its clickbait probability (0-1)",
        "requestBody": {
          "description": "Headline text form",
          "required": true,
          "content": {
            "multipart/form-data": {
              "schema": {
                "$ref": "#/components/schemas/Text"
              }
            }
          }
        },
        "produces": [
          "application/json"
        ],
        "responses": {
          "201": {
            "description": "OK",
            "schema": {
              "$ref": "#/components/schemas/Response"
            }
          },
          "500": {
            "description": "Internal Server Error"
          }
        }
      }

    }
},
  "components": {
    "schemas": {
      "Response": {
        "type": "object",
        "properties": {
          "Result": {
            "type": "string",
            "format": "float"
          }
        }
      },
        "Text": {
        "type": "object",
        "properties": {
          "text": {
            "type": "string",
            "format": "string"
          }
        }
      }
    }
  }
}
