{"class_name": "Model", "keras_version": "2.2.2", "config": {"layers": [{"class_name": "InputLayer", "config": {"dtype": "float32", "batch_input_shape": [null, 200], "name": "input_8", "sparse": false}, "inbound_nodes": [], "name": "input_8"}, {"class_name": "Embedding", "config": {"embeddings_initializer": {"class_name": "RandomUniform", "config": {"maxval": 0.05, "seed": null, "minval": -0.05}}, "name": "embedding_2", "dtype": "float32", "output_dim": 50, "trainable": false, "embeddings_regularizer": null, "input_dim": 22000, "mask_zero": false, "embeddings_constraint": null, "batch_input_shape": [null, 200], "activity_regularizer": null, "input_length": 200}, "inbound_nodes": [[["input_8", 0, 0, {}]]], "name": "embedding_2"}, {"class_name": "Bidirectional", "config": {"merge_mode": "concat", "layer": {"class_name": "LSTM", "config": {"recurrent_activation": "hard_sigmoid", "trainable": true, "recurrent_initializer": {"class_name": "Orthogonal", "config": {"seed": null, "gain": 1.0}}, "use_bias": true, "bias_regularizer": null, "return_state": false, "unroll": false, "activation": "tanh", "bias_initializer": {"class_name": "Zeros", "config": {}}, "units": 30, "unit_forget_bias": true, "activity_regularizer": null, "recurrent_dropout": 0.2, "kernel_initializer": {"class_name": "VarianceScaling", "config": {"distribution": "uniform", "scale": 1.0, "seed": null, "mode": "fan_avg"}}, "kernel_constraint": null, "dropout": 0.2, "stateful": false, "recurrent_regularizer": null, "name": "lstm_6", "bias_constraint": null, "go_backwards": false, "implementation": 1, "kernel_regularizer": null, "return_sequences": true, "recurrent_constraint": null}}, "trainable": true, "name": "bidirectional_6"}, "inbound_nodes": [[["embedding_2", 0, 0, {}]]], "name": "bidirectional_6"}, {"class_name": "GlobalMaxPooling1D", "config": {"trainable": true, "name": "global_max_pooling1d_5"}, "inbound_nodes": [[["bidirectional_6", 0, 0, {}]]], "name": "global_max_pooling1d_5"}, {"class_name": "Dense", "config": {"kernel_initializer": {"class_name": "VarianceScaling", "config": {"distribution": "uniform", "scale": 1.0, "seed": null, "mode": "fan_avg"}}, "name": "dense_8", "kernel_constraint": null, "bias_regularizer": null, "bias_constraint": null, "activation": "relu", "trainable": true, "kernel_regularizer": null, "bias_initializer": {"class_name": "Zeros", "config": {}}, "units": 30, "use_bias": true, "activity_regularizer": null}, "inbound_nodes": [[["global_max_pooling1d_5", 0, 0, {}]]], "name": "dense_8"}, {"class_name": "Dropout", "config": {"rate": 0.5, "noise_shape": null, "trainable": true, "seed": null, "name": "dropout_4"}, "inbound_nodes": [[["dense_8", 0, 0, {}]]], "name": "dropout_4"}, {"class_name": "Dense", "config": {"kernel_initializer": {"class_name": "VarianceScaling", "config": {"distribution": "uniform", "scale": 1.0, "seed": null, "mode": "fan_avg"}}, "name": "dense_9", "kernel_constraint": null, "bias_regularizer": null, "bias_constraint": null, "activation": "sigmoid", "trainable": true, "kernel_regularizer": null, "bias_initializer": {"class_name": "Zeros", "config": {}}, "units": 6, "use_bias": true, "activity_regularizer": null}, "inbound_nodes": [[["dropout_4", 0, 0, {}]]], "name": "dense_9"}], "input_layers": [["input_8", 0, 0]], "output_layers": [["dense_9", 0, 0]], "name": "model_4"}, "backend": "tensorflow"}